"Year","Quarter","Group","Unit","Inflation Deflator","Adult Population","Working Age Population","Household Population","Real Total Factor Income","Real Factor Income Share","Real Factor Income Per Unit Growth","Real Factor Income Per Unit"
"1976","1","Bottom 50%","Households","0.2358636666666667","71345799.31861055","59888040.81920352","47403588.50823564","800320459931.4537","0.11982198296499062","0","16883.11971977418"
"1976","2","Bottom 50%","Households","0.23823825666666668","71747278.12150253","60225044.693208635","47670339.3101565","803382485565.9176","0.11953640783927652","-0.001791149379163528","16852.879530369763"
"1976","3","Bottom 50%","Households","0.24131530999999998","72100444.20712395","60521494.56337228","47904990.14563069","806118998550.995","0.11908455099672571","-0.0032971469521444873","16827.453593047434"
"1976","4","Bottom 50%","Households","0.24564456999999998","72442013.05688408","60808209.63980353","48131935.53842551","806720286380.9655","0.11887797971163377","-0.0072567297870830315","16760.603482004804"
"1977","1","Bottom 50%","Households","0.24959966333333336","72825046.2686973","61125932.190593004","48479302.00227361","811251791931.4707","0.11819464045059017","-0.008833510014776209","16733.982512648887"
"1977","2","Bottom 50%","Households","0.25311956999999996","73246624.81886293","61474101.31827128","48898950.11703926","826415201511.7256","0.11746089501884999","0.0010276242754527231","16900.469223443593"
"1977","3","Bottom 50%","Households","0.25619661666666665","73600038.48300342","61765054.425721265","49273258.651737235","839132520227.1053","0.11710148930723818","0.008710559616619519","17030.181140607794"
"1977","4","Bottom 50%","Households","0.26173224","73941411.15483736","62045900.933033735","49639550.12979264","842560482226.2062","0.11713186559317869","0.00535756206948875","16973.57208159948"
"1978","1","Bottom 50%","Households","0.2655422866666666","74336490.10615562","62357987.99222562","50003972.03742591","853846269928.2574","0.11797412562958672","0.011398911220807691","17075.568902590152"
"1978","2","Bottom 50%","Households","0.2706198","74765759.96020623","62691814.62468017","50372513.25327585","877370162846.7819","0.11767538386859157","0.03165987872860683","17417.63724266278"
"1978","3","Bottom 50%","Households","0.2752086233333333","75136848.13355477","62976827.178758085","50701940.62141893","885165119586.5509","0.11789778096702343","0.03406302555260439","17458.209858196526"
"1978","4","Bottom 50%","Households","0.2808435333333333","75484672.26224262","63242338.90142518","51015674.91718205","893081725505.2286","0.11769585816684792","0.036895204968319606","17506.025882339924"
"1979","1","Bottom 50%","Households","0.28595920333333336","75872467.36647995","63529190.842576765","51341759.90624008","899014666896.1107","0.11768282329906761","0.03715418833385755","17510.398329505733"
"1979","2","Bottom 50%","Households","0.29296846","76283835.41874081","63829683.8888653","51676495.49153104","894338177632.3638","0.11775434522682246","0.025075884296717844","17306.47887643487"
"1979","3","Bottom 50%","Households","0.29936689","76657900.47948681","64098945.030317925","51985985.36956986","896663022966.0016","0.11784083561853538","0.02162210238188905","17248.168262880823"
"1979","4","Bottom 50%","Households","0.3049254433333333","77012832.46636945","64352217.70187324","52282487.08140594","897590508716.1255","0.11773583803936283","0.016879079797300845","17168.09124475163"
"1980","1","Bottom 50%","Households","0.31133151","77416051.12249248","64677739.56407589","52623829.00505698","891724925505.734","0.11739743522530857","0.003681134655048908","16945.26875685998"
"1980","2","Bottom 50%","Households","0.31873777666666664","77826220.65140116","65025015.50208268","52975937.53872935","863118498617.5814","0.11596774666377724","-0.03497386934454198","16292.651696566534"
"1980","3","Bottom 50%","Households","0.32586158","78145516.38611083","65296360.40395153","53266116.886246435","852333422262.5778","0.11389594019531957","-0.05222383926972611","16001.418389157147"
"1980","4","Bottom 50%","Households","0.33435208666666666","78460331.03517081","65563951.96315429","53553097.51228368","861840968742.5392","0.11262571938983475","-0.04678725736385431","16093.204852340341"
"1981","1","Bottom 50%","Households","0.3431556433333333","78838034.06884353","65884951.003447466","53872478.54898103","863884298874.9742","0.11206755060840301","-0.05019178011228817","16035.725887189836"
"1981","2","Bottom 50%","Households","0.34995871666666667","79238917.26381211","66225756.351207465","54202517.24868404","863276414204.8058","0.1122397889260678","-0.056639431589869386","15926.869415382454"
"1981","3","Bottom 50%","Households","0.35654041333333336","79551808.96814297","66493021.74270261","54472376.2009284","869352007102.3934","0.11135066030101318","-0.05470656775764226","15959.502186863967"
"1981","4","Bottom 50%","Households","0.36270214666666667","79850361.0291658","66748295.44804055","54732358.46180439","857336839746.7428","0.11109133141152473","-0.07219945562054775","15664.167666829948"
"1982","1","Bottom 50%","Households","0.36769568999999996","80187934.09448805","67003211.38808409","55003601.01739938","827437177103.9088","0.10854654318231854","-0.10897229728631856","15043.327378550439"
"1982","2","Bottom 50%","Households","0.37247540333333334","80550936.15534253","67262874.14797097","55284570.47680131","813045125690.0717","0.10626076533906473","-0.128920063819658","14706.546848025964"
"1982","3","Bottom 50%","Households","0.37775905000000004","80851092.22075184","67470060.76850934","55522404.91180673","791200499693.1631","0.10414813342824088","-0.15595503449163034","14250.112201550473"
"1982","4","Bottom 50%","Households","0.38166834000000005","81132226.88143684","67661416.12516862","55747146.06038401","772868245197.0078","0.10229470734124664","-0.1788355777703879","13863.817250121736"
"1983","1","Bottom 50%","Households","0.38454686666666665","81469521.52500929","67919971.52581017","56034552.05367019","768448325757.8848","0.1004322755119202","-0.1877194314376129","13713.83008508502"
"1983","2","Bottom 50%","Households","0.38741012333333336","81827157.08115305","68205647.18100764","56348040.33987526","779801908434.2633","0.09998936583456769","-0.18030407366151494","13839.02445818384"
"1983","3","Bottom 50%","Households","0.39152559666666664","82116847.4832431","68434685.10071589","56614757.02512151","796354959979.3456","0.1004641038724178","-0.16684780764454218","14066.20820832952"
"1983","4","Bottom 50%","Households","0.3944957333333334","82394913.00896403","68654042.71128784","56873417.55125039","814753079635.2025","0.10005839430411094","-0.15147628524018003","14325.727461357556"
"1984","1","Bottom 50%","Households","0.39848901999999997","82707460.39938606","68907957.5208583","57117752.18765486","842124222663.1016","0.10051178591394262","-0.12672233753747336","14743.651323959384"
"1984","2","Bottom 50%","Households","0.40189441","83045583.92777224","69186091.452259","57360699.37833283","865511556057.3657","0.1014769142476526","-0.10627124171072452","15088.929623202957"
"1984","3","Bottom 50%","Households","0.4054677466666667","83299623.615441","69394176.36609091","57545563.39368266","885943635711.8112","0.10282424947762314","-0.08811190425596294","15395.515891483476"
"1984","4","Bottom 50%","Households","0.40849897333333335","83537898.17511599","69589133.59353016","57719521.549403705","906406112346.0221","0.10427575622176438","-0.06986196683208291","15703.63176988923"
"1985","1","Bottom 50%","Households","0.41253808333333336","83833401.23465511","69834716.66877034","57970062.53439965","912063906848.6354","0.10432566354552326","-0.06810109646625363","15733.360755086529"
"1985","2","Bottom 50%","Households","0.4151951866666666","84144718.88721983","70094948.04378189","58250040.76434318","923801905348.9579","0.1048718339661602","-0.060644635451076","15859.249079091602"
"1985","3","Bottom 50%","Households","0.4176995833333333","84393341.31767623","70302951.54325496","58486550.680998705","932577210918.6879","0.10461922290979557","-0.055556266426820995","15945.156622506489"
"1985","4","Bottom 50%","Households","0.4200360166666666","84623454.95952837","70495534.79896249","58710113.5642143","938562693987.7941","0.10476660748183893","-0.05311406125947372","15986.388664727065"
"1986","1","Bottom 50%","Households","0.42212805999999997","84894507.1508255","70697593.85880046","58995860.350165516","943595548690.0479","0.10443930226252503","-0.05264741509931398","15994.267107715814"
"1986","2","Bottom 50%","Households","0.42372385999999995","85177968.68634605","70897686.34341036","59307117.40868205","935235253432.5677","0.10360917594633796","-0.06596886536314855","15769.35946807048"
"1986","3","Bottom 50%","Households","0.42546470999999997","85403830.49517776","71049871.21161614","59578156.89246575","933412023197.8287","0.10281231747310188","-0.07203066127210377","15667.017442022749"
"1986","4","Bottom 50%","Households","0.42777825666666663","85620295.15344363","71194298.12874816","59842450.91929209","929931642166.7518","0.1018368313991111","-0.07957384102861781","15539.665035125745"
"1987","1","Bottom 50%","Households","0.4304964333333334","85866867.88401198","71358311.5736636","60131494.780097686","935577939970.7671","0.10132109421419726","-0.07843648404586574","15558.867169229668"
"1987","2","Bottom 50%","Households","0.4334818466666667","86127471.99542445","71531241.9746133","60432278.42421993","947447992435.5303","0.10080146453067815","-0.07138924044269103","15677.84662667648"
"1987","3","Bottom 50%","Households","0.43675742666666667","86339151.17585845","71663554.74845316","60698690.69828326","959506654464.6136","0.10053733221628189","-0.06369796410168477","15807.699365939558"
"1987","4","Bottom 50%","Households","0.4402391433333333","86533540.94180016","71781562.08051957","60952826.06511072","981296610623.8129","0.10136719792239568","-0.046427424660477216","16099.279950950546"
"1988","1","Bottom 50%","Households","0.44369034999999996","86776902.81911515","71952574.18969944","61190237.91832387","991652753967.1831","0.10109933500138174","-0.040102677212008754","16206.061419320375"
"1988","2","Bottom 50%","Households","0.4480119166666667","87042801.35375816","72148437.66286434","61417988.10304367","1007818685347.2201","0.10160525205190035","-0.028071941260927956","16409.177774699463"
"1988","3","Bottom 50%","Households","0.45336428333333334","87257505.16577242","72301858.4336454","61609628.31234334","1016110142628.957","0.10153482389764039","-0.02312387028442501","16492.716649377704"
"1988","4","Bottom 50%","Households","0.45728125999999997","87471188.60369535","72454437.97965182","61800541.1351786","1025910310847.9813","0.1010098364337519","-0.016748954823275142","16600.345110311733"
"1989","1","Bottom 50%","Households","0.46205332000000005","87733000.46807225","72653078.80344407","62047529.03843725","1040507895331.2611","0.10183789534341059","-0.006728009457774249","16769.529930622804"
"1989","2","Bottom 50%","Households","0.46697051333333334","88014141.95010012","72870808.66955727","62319296.72171342","1037719770597.4097","0.10188705519824523","-0.01370950629054704","16651.660483771877"
"1989","3","Bottom 50%","Households","0.4703835166666666","88242105.56256771","73044497.1019743","62553473.90819991","1053075903667.0753","0.10299770795369988","-0.0028613687526409136","16834.81088856092"
"1989","4","Bottom 50%","Households","0.47373542333333335","88512036.036103","73252910.91233493","62817466.339349054","1063325206120.6315","0.10388121826283218","0.0026122190086159945","16927.222126030912"
"1990","1","Bottom 50%","Households","0.4788434733333333","88854971.7102053","73512389.7414787","63116492.34280095","1070991894690.153","0.10356260994668717","0.005056852012426845","16968.49515770516"
"1990","2","Bottom 50%","Households","0.48420349","89224563.6529811","73789215.86173041","63426094.516850494","1069296467599.3141","0.10274663820778786","-0.0014324206355937007","16858.935990694376"
"1990","3","Bottom 50%","Households","0.48835712666666664","89559224.63183331","74037115.05062759","63710928.92281262","1050661576332.5557","0.10123742325760647","-0.023221228075119314","16491.072946141758"
"1990","4","Bottom 50%","Households","0.49199152999999995","89878683.0655873","74272421.09760375","63984989.99414614","1030148463550.6348","0.09944885031757118","-0.04639391720226556","16099.845661379037"
"1991","1","Bottom 50%","Households","0.49680947000000003","90234534.54538597","74534359.52613668","64287588.924132","1018310483514.2085","0.09880547608320989","-0.06178931066362964","15839.9233904378"
"1991","2","Bottom 50%","Households","0.5004591233333333","90596466.43111515","74799589.9270445","64595848.301880114","1009006238195.4725","0.09786507541964391","-0.07479803769684282","15620.295494534199"
"1991","3","Bottom 50%","Households","0.5043684633333333","90892666.88641167","75010550.81925319","64857239.70884337","1000012123810.9088","0.09677346979167209","-0.08674069930514434","15418.666108828493"
"1991","4","Bottom 50%","Households","0.5073615333333333","91195964.0450541","75227387.65935682","65123666.16857028","995467077432.3043","0.09580298457817699","-0.09461069527455195","15285.796024682846"
"1992","1","Bottom 50%","Households","0.5092474666666668","91531844.55292614","75482875.39637701","65436184.40826536","996047994774.4252","0.09400007139215807","-0.09840893777213892","15221.669841871351"
"1992","2","Bottom 50%","Households","0.5123092533333332","91860547.71891318","75738321.18313764","65755015.29739346","989461954792.8145","0.09251655529283993","-0.10871311344129708","15047.70321043537"
"1992","3","Bottom 50%","Households","0.5148136600000001","92134859.44394553","75948924.83947475","66034894.69490232","983825750249.3463","0.09175949897929665","-0.11754616321102475","14898.573773682332"
"1992","4","Bottom 50%","Households","0.51835642","92389410.58072124","76143254.10874902","66300532.09600723","964632417833.5615","0.08975713765811427","-0.13822847679931768","14549.39179728927"
"1993","1","Bottom 50%","Households","0.52126547","92674363.53238845","76360252.96996595","66546204.19064913","972108310107.9432","0.09010368023120402","-0.13475585858912026","14608.020426273102"
"1993","2","Bottom 50%","Households","0.5243655233333333","92960665.9624782","76577165.87071373","66771980.005016364","986215146137.9877","0.09034085929820393","-0.12516789357173025","14769.895187530705"
"1993","3","Bottom 50%","Households","0.5274807","93200464.87892322","76755779.3035493","66964344.63326957","988701189503.4613","0.09035546204449556","-0.12548203861286794","14764.591439191801"
"1993","4","Bottom 50%","Households","0.5303591866666667","93444114.85211547","76937579.62658465","67159460.147006","1005750012009.9047","0.09075695321511787","-0.11298666299900262","14975.552361624237"
"1994","1","Bottom 50%","Households","0.5328941133333334","93724502.06183432","77157526.49273604","67397238.3044157","1016084199623.2578","0.09056894661101308","-0.1070340543744733","15076.050965677126"
"1994","2","Bottom 50%","Households","0.53546721","94016511.5635791","77390983.89922352","67651525.80696471","1043186516586.8452","0.09153935136162698","-0.08666170186123083","15419.999832131642"
"1994","3","Bottom 50%","Households","0.5385366699999999","94274122.83548892","77596123.89214993","67881074.02504021","1059543788390.3975","0.0921122379093621","-0.07547745852502502","15608.824751351889"
"1994","4","Bottom 50%","Households","0.54146097","94529596.89402372","77799505.07806915","68109081.13029765","1076914868383.8302","0.09251040829238276","-0.06346577762281598","15811.619398059613"
"1995","1","Bottom 50%","Households","0.54440063","94817418.69540155","78037014.62606013","68345463.49385877","1087239133422.5768","0.09298539242268163","-0.05775751456837099","15907.99268659977"
"1995","2","Bottom 50%","Households","0.5470118733333333","95114435.42358232","78285846.11740573","68581014.86206768","1079380905258.1342","0.09181004397075702","-0.06778062852750154","15738.77125366283"
"1995","3","Bottom 50%","Households","0.5497072133333333","95347855.15539241","78482332.31674652","68770707.45875834","1081809595018.0492","0.09102282903487215","-0.06826022188848142","15730.674221532596"
"1995","4","Bottom 50%","Households","0.55235668","95593892.4325586","78689201.78449774","68969488.04429793","1087025123202.0459","0.09071496744037515","-0.06646656038361427","15760.95682345602"
"1996","1","Bottom 50%","Households","0.5550137799999999","95887064.18999541","78944114.20517665","69266514.75782515","1093043848919.2589","0.09004531406533049","-0.0653230161348192","15780.263417913286"
"1996","2","Bottom 50%","Households","0.5573119733333334","96208101.10049133","79226601.98908466","69615868.98632796","1106703529521.659","0.08987190912821605","-0.05839155203019672","15897.288156224944"
"1996","3","Bottom 50%","Households","0.55913687","96483756.2361548","79471728.54396896","69932453.22268344","1129250509369.749","0.09088758299026242","-0.043557575863217866","16147.731951772326"
"1996","4","Bottom 50%","Households","0.5621223066666667","96760317.56236793","79717605.36173974","70249720.69129007","1143912361007.7268","0.09078328411629866","-0.03551505935753653","16283.514720786003"
"1997","1","Bottom 50%","Households","0.56547417","97082562.47389312","80016737.74072596","70533402.8084259","1163380680911.1113","0.09137981752473039","-0.02304555973272585","16494.038775797362"
"1997","2","Bottom 50%","Households","0.5666194966666667","97417743.43734373","80334356.85444619","70793104.01829505","1189549441209.903","0.09214869733414342","-0.00473474669891118","16803.182424413655"
"1997","3","Bottom 50%","Households","0.5690780666666666","97693612.71168613","80603069.19199294","71009705.2058812","1207183948304.1272","0.09205464598062242","0.006938722532790393","17000.267002997574"
"1997","4","Bottom 50%","Households","0.5709487400000001","97957680.70584475","80862022.18360226","71217719.72959036","1239414409318.8171","0.09330435158467587","0.03080324396780142","17403.17457543998"
"1998","1","Bottom 50%","Households","0.57178863","98268338.38761188","81145243.64987667","71485743.85454553","1263731999060.453","0.09414504438874155","0.04708717841401409","17678.098190204346"
"1998","2","Bottom 50%","Households","0.5731324566666666","98593741.79084778","81433559.39318562","71777582.91449578","1280487164780.4417","0.09406331939249009","0.0566561861977371","17839.65289421639"
"1998","3","Bottom 50%","Households","0.57559864","98879545.76692389","81689170.229177","72040599.32455657","1292933659253.5364","0.09381149293980576","0.06303172173668273","17947.291823998086"
"1998","4","Bottom 50%","Households","0.5771792366666667","99156140.95336354","81937168.07357222","72296891.94239414","1301510512011.4902","0.09355075741106995","0.06629004048234875","18002.30240946635"
"1999","1","Bottom 50%","Households","0.5790269366666666","99501062.42884834","82253218.77504171","72618609.92087676","1322923869426.696","0.09358648355797343","0.07903174323764332","18217.422102517765"
"1999","2","Bottom 50%","Households","0.58121828","99863116.9078095","82589254.37841761","72960691.70126548","1338362284640.5076","0.09428343921466871","0.08650579457460367","18343.607406031406"
"1999","3","Bottom 50%","Households","0.58328746","100178431.60481031","82886655.2516367","73268668.06555395","1350231743377.9236","0.0942947875801212","0.09153412330751465","18428.50128201952"
"1999","4","Bottom 50%","Households","0.5865095833333333","100473055.61871125","83166934.50433227","73561506.86736165","1370884133618.334","0.09427862944763353","0.10381790117645949","18635.889774392028"
"2000","1","Bottom 50%","Households","0.59040364","100795020.79564083","83480385.40580909","73843524.40393066","1396421658193.015","0.09420846425875956","0.12008623309926819","18910.549969885833"
"2000","2","Bottom 50%","Households","0.5940838466666667","101131940.18973844","83811515.90803045","74121095.23246972","1395709617367.2424","0.0935746353028493","0.1153227041552168","18830.1267404348"
"2000","3","Bottom 50%","Households","0.59756557","101428468.24961118","84109187.3027582","74369071.22028165","1405169372981.1045","0.09343695496346684","0.11913793612806416","18894.539758591098"
"2000","4","Bottom 50%","Households","0.6008106066666666","101713269.72347711","84397125.97675268","74608444.04597796","1411183461981.0276","0.09363885136669671","0.12032182152939243","18914.52743755621"
"2001","1","Bottom 50%","Households","0.6047504533333333","102033059.4249282","84675479.6921366","74824334.78204016","1420522038731.7551","0.09342534170334245","0.12448175011092545","18984.760009823945"
"2001","2","Bottom 50%","Households","0.6084077733333334","102367629.59400682","84946788.70203114","75026454.96989869","1422152319061.6926","0.09383737828481216","0.12273946172946637","18955.3447464934"
"2001","3","Bottom 50%","Households","0.6107976633333334","102657449.61230652","85180957.8812547","75195741.62105423","1418567270160.1453","0.09455705419812942","0.11738796225074338","18864.994740113812"
"2001","4","Bottom 50%","Households","0.6126988733333333","102925120.62144268","85396747.20777561","75348794.0087416","1412623509335.2878","0.09453939147301554","0.11044594852503152","18747.791891286302"
"2002","1","Bottom 50%","Households","0.6146763566666666","103226791.43070912","85657105.73894437","75582957.3004122","1424758954567.8977","0.09448520349511533","0.1165156495948581","18850.267381111425"
"2002","2","Bottom 50%","Households","0.6168066466666667","103532146.82059641","85928700.38616267","75847926.67015053","1436035609526.8064","0.09446883443699862","0.12142128648833733","18933.089836085775"
"2002","3","Bottom 50%","Households","0.6197768266666667","103789172.2109897","86160173.52463438","76077468.86604528","1435785349209.852","0.0941103375691694","0.11784287336192818","18872.6750588658"
"2002","4","Bottom 50%","Households","0.6233348666666666","104044973.8636951","86390614.34937859","76306076.71307974","1442525475383.8362","0.09366930702746801","0.11972575274071345","18904.463936835724"
"2003","1","Bottom 50%","Households","0.62644247","104342415.00312804","86641003.54844932","76532108.46403556","1438457739119.1174","0.09367764380717833","0.11327057085819206","18795.4803283002"
"2003","2","Bottom 50%","Households","0.6286033000000001","104661625.09633708","86902159.71627824","76757558.97245668","1438085389965.6697","0.09270168818036016","0.10971337150296208","18735.42370571875"
"2003","3","Bottom 50%","Households","0.6321765966666666","104929569.10353963","87120749.69281067","76945413.46646644","1447611656231.1533","0.0921321680489943","0.11433721227618435","18813.488563058232"
"2003","4","Bottom 50%","Households","0.6360706666666667","105206014.31833799","87346400.01478751","77139506.4417692","1456026569857.2227","0.09174545694711086","0.11799469870994543","18875.23834439287"
"2004","1","Bottom 50%","Households","0.64056784","105526213.70068479","87608018.0782358","77381801.55675964","1455107669089.5754","0.09074583879222081","0.11379071485705211","18804.261981704476"
"2004","2","Bottom 50%","Households","0.6457140633333334","105865083.37279324","87884954.19260477","77645854.48329316","1461296522926.1133","0.09031460916010219","0.11472406557465448","18820.019853610294"
"2004","3","Bottom 50%","Households","0.6498601066666666","106163159.04346015","88128023.00820716","77879993.47707811","1485187756766.0508","0.09060983423444016","0.1295429619030051","19070.20905443676"
"2004","4","Bottom 50%","Households","0.6548841166666667","106433775.01146446","88348297.68369728","78093985.85511318","1476658584442.5586","0.08985169050116132","0.11997880751808537","18908.73629093776"
"2005","1","Bottom 50%","Households","0.6600991466666667","106757000.34317724","88614117.20885319","78395267.69806062","1481715925581.2393","0.08931486482572688","0.11949562626586797","18900.57868401022"
"2005","2","Bottom 50%","Households","0.6649017533333333","107107059.75543626","88903146.8687741","78740644.89963712","1492348562716.7712","0.08918545329516452","0.12258336963409164","18952.709424959878"
"2005","3","Bottom 50%","Households","0.6709489599999999","107412297.57573609","89154972.14787559","79053110.52205776","1489660127100.9768","0.08834373181219385","0.11613192464046776","18843.78890676699"
"2005","4","Bottom 50%","Households","0.6763776933333333","107703844.65348928","89395433.84676638","79355496.13501464","1502876652921.487","0.0880087197700658","0.12174366730348567","18938.532629983285"
"2006","1","Bottom 50%","Households","0.68114213","108028929.1366399","89666873.4401051","79624768.28504345","1525596650669.787","0.08789553805557755","0.1348510007482268","19159.82530973785"
"2006","2","Bottom 50%","Households","0.6871816900000001","108367131.1983611","89950772.01170266","79874799.17743774","1536954092039.7883","0.08832684993183759","0.13972064763767805","19242.04014116548"
"2006","3","Bottom 50%","Households","0.6919767033333333","108657257.7389453","90194764.62334438","80089394.6325072","1537247323567.0896","0.08816748792298006","0.1368836859392178","19194.14337716996"
"2006","4","Bottom 50%","Households","0.6945651333333333","108930123.83208583","90424427.29700191","80291267.19151737","1544147334831.1873","0.08849953372203774","0.13911540170976466","19231.82170170461"
"2007","1","Bottom 50%","Households","0.7012230566666666","109242798.60509516","90664959.00264437","80550494.71773611","1551718711414.254","0.08908061948774758","0.14101692095773316","19263.92527881752"
"2007","2","Bottom 50%","Households","0.7059112166666667","109580067.11898817","90914813.1418371","80841864.4278388","1539445430923.4182","0.08781544263995805","0.12791215773516612","19042.675992431625"
"2007","3","Bottom 50%","Households","0.7095761499999999","109880149.23669408","91133817.74787866","81105796.05371185","1536305376927.253","0.08820475219115088","0.12194859538158866","18941.99245525984"
"2007","4","Bottom 50%","Households","0.7125845166666668","110167234.70698917","91342057.8279212","81360113.26419777","1539487356607.68","0.0881695024917672","0.12075808862443126","18921.892987151554"
"2008","1","Bottom 50%","Households","0.7150889433333334","110489100.69284727","91568497.13428502","81656786.19464107","1532698401876.4807","0.08808504861393902","0.11176173248375904","18770.006429386856"
"2008","2","Bottom 50%","Households","0.7187156666666666","110828459.18466638","91804094.39532304","81974750.78896083","1527679622364.3699","0.08794045215311477","0.10382310524619826","18635.977635324456"
"2008","3","Bottom 50%","Households","0.7241367933333334","111125251.21051888","92004422.15830338","82261244.86972794","1501315392409.6082","0.0868533077072855","0.08099568333121582","18250.579538240014"
"2008","4","Bottom 50%","Households","0.7258548133333335","111417750.1046123","92201203.28783809","82544548.96407402","1439964700567.009","0.0860980771452163","0.03326268808642567","17444.69766493881"
"2009","1","Bottom 50%","Households","0.7254958933333334","111748574.20281786","92395694.50663172","82795547.09004319","1378145812910.6785","0.08395339711825922","-0.014094045334821316","16645.168265050466"
"2009","2","Bottom 50%","Households","0.7242283833333333","112115976.67326064","92603355.02576888","83043281.31034982","1360398806933.2883","0.08223462371660908","-0.029693275778313506","16381.80458993664"
"2009","3","Bottom 50%","Households","0.7250072566666667","112442332.5001963","92777033.94793344","83260593.03252338","1350838715865.5684","0.08084869785558672","-0.03902674854964971","16224.226451736919"
"2009","4","Bottom 50%","Households","0.7273970833333333","112746491.50373723","92932370.3495621","83461461.91873185","1367480837444.092","0.08049895805155506","-0.029529001299717805","16384.578055625676"
"2010","1","Bottom 50%","Households","0.7293746866666666","113073362.60500668","93122220.72188258","83767550.312239","1364726486141.2446","0.07960101640461391","-0.03502268263826451","16291.827575884701"
"2010","2","Bottom 50%","Households","0.7329327066666668","113433767.84754914","93347551.12461619","84142745.99027455","1369797387933.5227","0.07896903176620279","-0.035755983587319094","16279.44716817119"
"2010","3","Bottom 50%","Households","0.735147","113745812.16332854","93533047.72642045","84482123.64104398","1383924147700.6584","0.07846303747271516","-0.029725171195986916","16381.266095781548"
"2010","4","Bottom 50%","Households","0.7394533566666667","114034094.55229478","93699007.50938147","84803848.79229693","1372500376191.2634","0.07755348836387474","-0.041385024969919186","16184.411388601187"
"2011","1","Bottom 50%","Households","0.7432709566666666","114374163.68461348","93903023.2384129","85140743.27383132","1369297202914.4202","0.07727407842393987","-0.047406566015720554","16082.74899022739"
"2011","2","Bottom 50%","Households","0.74818051","114743836.61184311","94128956.10290043","85488135.36888665","1380258473839.4893","0.07730688648296409","-0.043682997015027925","16145.614451450925"
"2011","3","Bottom 50%","Households","0.7528075566666667","115060708.4898537","94311415.66739123","85796336.34959424","1376986140442.1562","0.07686203566397111","-0.04937742000221164","16049.474826423268"
"2011","4","Bottom 50%","Households","0.7537161533333334","115357219.78922719","94477073.79665156","86089459.97695634","1392703888271.5427","0.07690962135415474","-0.041800137029786126","16177.403001997332"
"2012","1","Bottom 50%","Households","0.7582897766666666","115690409.55851626","94606025.28063227","86356814.22894414","1426497826503.487","0.07706049014649449","-0.021587929939121155","16518.6481141099"
"2012","2","Bottom 50%","Households","0.7613438566666667","116046629.47613595","94720604.98936655","86614766.91506346","1410400600346.9116","0.07604788008986851","-0.035509747108305734","16283.60440812575"
"2012","3","Bottom 50%","Households","0.7652913899999999","116331967.33001274","94777584.37644787","86819826.22755778","1383594289236.9202","0.07528814271291691","-0.05607573930458827","15936.386299719969"
"2012","4","Bottom 50%","Households","0.7691701266666667","116587071.82622707","94810315.44495602","87002339.33069056","1384513482465.118","0.07457904306672336","-0.057430117060612955","15913.520177919205"
"2013","1","Bottom 50%","Households","0.7722471533333334","116897402.92422962","94911979.09633358","87266717.3294373","1388956600667.5564","0.07478001414224243","-0.05726998126321121","15916.22376975816"
"2013","2","Bottom 50%","Households","0.7744385566666668","117241770.44499856","95053008.30239844","87576888.57143794","1409554090971.4717","0.07574901217008877","-0.04667817714353618","16095.046466759031"
"2013","3","Bottom 50%","Households","0.7780881933333333","117537471.6116742","95154394.29199074","87850778.81573023","1413846001176.0818","0.07564217852462249","-0.04675663344031605","16093.721879707728"
"2013","4","Bottom 50%","Households","0.78273815","117811679.72876994","95238266.21526694","88108648.13661514","1416100134928.9534","0.0754459236196357","-0.0480311753638253","16072.203635825248"
"2014","1","Bottom 50%","Households","0.7859984433333334","118126175.95306869","95365249.41435902","88422343.13089639","1433447436360.533","0.075878823811138","-0.03978816851255346","16211.371307346188"
"2014","2","Bottom 50%","Households","0.7904499166666668","118470366.09701216","95521573.19050807","88771050.38312584","1451622254439.494","0.07560062745976193","-0.0314332437701195","16352.428502022405"
"2014","3","Bottom 50%","Households","0.7939010066666667","118753302.39722843","95628634.17457645","89073765.35288803","1472886999824.0078","0.07563172923642261","-0.020584624596498458","16535.587038324888"
"2014","4","Bottom 50%","Households","0.7952219833333333","119010366.49532974","95715062.35915893","89356923.3914675","1488367857638.0117","0.07596323253691735","-0.01342666076243347","16656.43579868522"
"2015","1","Bottom 50%","Households","0.7949394399999999","119310519.47562642","95820596.91953652","89621937.29082108","1494573652609.4133","0.07591086760551043","-0.012242594632377006","16676.426528915094"
"2015","2","Bottom 50%","Households","0.7992458333333333","119633625.13919131","95936622.6105618","89879000.6517275","1504726858985.6682","0.07615044974894306","-0.008376665084005025","16741.69548030847"
"2015","3","Bottom 50%","Households","0.8016279533333334","119911208.63685898","96016035.80727458","90101874.58485566","1503389439418.6472","0.07606343134735839","-0.011708708625239695","16685.440190290305"
"2015","4","Bottom 50%","Households","0.8015515999999999","120165683.57506067","96076912.2059611","90307387.93720102","1520033225366.5508","0.07684864951732638","-0.003041455142820979","16831.77046847561"
"2016","1","Bottom 50%","Households","0.8009102533333333","120456212.8613249","96161409.14901726","90591190.42526942","1535290106909.3503","0.07711254388919733","0.003810616891599494","16947.454820961244"
"2016","2","Bottom 50%","Households","0.8065680466666666","120762361.89198585","96255927.9898565","90912244.9467864","1524000694613.3262","0.07701779802724218","-0.007089547327056777","16763.426043492473"
"2016","3","Bottom 50%","Households","0.8088052266666667","121012335.36886704","96305916.34288359","91190860.79024573","1548619693348.5938","0.07776585281158195","0.00586746825858043","16982.180888835766"
"2016","4","Bottom 50%","Households","0.8130657500000001","121237019.8896715","96336109.80203204","91450219.21054494","1554241142032.3376","0.0774320120319911","0.006655683714051861","16995.488424735468"
"2017","1","Bottom 50%","Households","0.8172728600000001","121504828.41882712","96401395.9235337","91394778.44097082","1570771679811.4724","0.07788871513827365","0.017979372959795653","17186.667625940878"
"2017","2","Bottom 50%","Households","0.8198154333333334","121785941.15385346","96477397.05330057","91175283.41326137","1602842210756.6672","0.07896585421041523","0.041264228564974983","17579.788630780775"
"2017","3","Bottom 50%","Households","0.82393084","122002265.84204935","96501939.29216158","90906893.14116721","1626250496732.0398","0.07954086625992397","0.059590184758198605","17889.187943170306"
"2017","4","Bottom 50%","Households","0.82960395","122198362.92482984","96510432.7537442","90623289.6764671","1655606015947.7004","0.08018615365761567","0.08209271304879535","18269.10082229806"
"2018","1","Bottom 50%","Households","0.83469667","122441849.73428185","96558257.30145298","90664268.37629394","1671579480721.5793","0.08031688313282621","0.0920390536584958","18437.026081585285"
"2018","2","Bottom 50%","Households","0.8418586833333334","122692099.49549691","96612447.93301164","90854991.72344773","1668438809692.7966","0.08008995589804463","0.08769915261687927","18363.7550127277"
"2018","3","Bottom 50%","Households","0.8446913933333334","122888003.87077855","96623996.25239207","91005465.8798045","1687857991401.6375","0.0801008930730691","0.09853962527743249","18546.776010474758"
"2018","4","Bottom 50%","Households","0.8485319800000001","123071571.24795906","96626056.0893005","91146795.76600443","1704965095899.922","0.08051661708166499","0.10795312468858327","18705.705248015238"
"2019","1","Bottom 50%","Households","0.8518151433333333","123329294.58191882","96676518.84780101","91242486.12119557","1723414894901.47","0.08104247938341472","0.1187679897511022","18888.29390961895"
"2019","2","Bottom 50%","Households","0.8565643000000001","123637279.17196183","96761385.8997709","91325058.09569162","1735135318062.0627","0.08141074413130157","0.12535797385300568","18999.553400162797"
"2019","3","Bottom 50%","Households","0.8593589466666667","123879050.39062083","96794438.01013859","91358726.06209458","1750679157373.4238","0.08189972310970414","0.1350208153583398","19162.692310130555"
"2019","4","Bottom 50%","Households","0.8625122899999998","124030262.15322705","96756923.00163637","91325786.58302206","1780021572006.8145","0.08260945540469403","0.15446067521210152","19490.897791377247"
"2020","1","Bottom 50%","Households","0.8659863866666666","124113623.91019787","96665049.8203277","91244327.99584453","1789898466784.9294","0.08324845732777318","0.16190285520834166","19616.545007229877"
"2020","2","Bottom 50%","Households","0.86274135","124180024.86056416","96559543.55188094","91151380.45771508","1436722030611.736","0.07505920429982656","-0.06640868938418762","15761.933866467642"
"2020","3","Bottom 50%","Households","0.8702087566666666","124244673.04460256","96453128.73278157","91057556.02659148","1590491477200.7263","0.07784154780985074","0.03457661211356225","17466.880801591644"
"2020","4","Bottom 50%","Households","0.8757138433333335","124309560.82916321","96347381.63539235","90964341.54806556","1725997178247.7375","0.08084434627141066","0.1238703171061404","18974.437113203538"
"2021","1","Bottom 50%","Households","0.8866171266666667","124288595.79315777","96189111.24371238","90986769.20983748","1715073524696.6755","0.0797693656263959","0.11648218712729587","18849.702430265454"
"2021","2","Bottom 50%","Households","0.9003759800000001","124348619.68918729","96100554.91427177","91157441.87441403","1697793033307.638","0.07859516497294018","0.10316358591875911","18624.8428915618"
"2021","3","Bottom 50%","Households","0.9140432866666667","124472537.02821894","96061461.55055638","91374874.59396441","1714449200848.2383","0.07841618742542819","0.11133534642546607","18762.807702517854"
"2021","4","Bottom 50%","Households","0.92928344","124586974.17754002","96015079.74453008","91585321.76910828","1755245418409.5293","0.07888106815517941","0.13516573229313636","19165.138960090146"
"2022","1","Bottom 50%","Households","0.94811225","124658730.50718208","96025513.91338031","91680185.72175252","1750732157676.1484","0.07866290162100947","0.1310753155320721","19096.079964209326"
"2022","2","Bottom 50%","Households","0.9689795933333333","124787012.56698011","96124330.40927742","91774530.77965061","1747111825272.2336","0.07877599966453239","0.12757601784535125","19037.000902429292"
"2022","3","Bottom 50%","Households","0.9793790366666667","124966465.2876901","96262563.99448842","91906509.30693227","1759649563224.8398","0.07912795059300014","0.13403697388446317","19146.081996741814"
"2022","4","Bottom 50%","Households","0.98883921","125147287.72422339","96401852.68055145","92039495.19184868","1739743718311.4033","0.07863140529504387","0.11958829382553532","18902.14320151422"
"2023","1","Bottom 50%","Households","0.9986047966666667","125281436.00068116","96505187.96089876","92138154.55959411","1752163098133.7673","0.07868321428515435","0.12637322919174324","19016.69407759284"
"1976","1","Top 1%","Households","0.2358636666666667","1426915.986372211","1197760.8163840703","948071.7701647128","752757309564.2949","0.1127009467321507","0","793987.6845331182"
"1976","2","Top 1%","Households","0.23823825666666668","1434945.562430051","1204500.8938641725","953406.7862031301","751967253494.3644","0.11188626328113757","-0.006639416036832415","788716.0699673815"
"1976","3","Top 1%","Households","0.24131530999999998","1442008.884142479","1210429.8912674452","958099.8029126137","757269462913.1123","0.11186821565629543","-0.004535155739768868","790386.8267283019"
"1976","4","Top 1%","Households","0.24564456999999998","1448840.2611376818","1216164.1927960708","962638.7107685102","752354722475.4152","0.11086669189343762","-0.015659026523282618","781554.6103218542"
"1977","1","Top 1%","Households","0.24959966333333336","1456500.925373946","1222518.64381186","969586.0400454722","765089884547.1307","0.11146912058108657","-0.006169456251675029","789089.2122490223"
"1977","2","Top 1%","Households","0.25311956999999996","1464932.4963772588","1229482.0263654257","977979.0023407852","799249720537.3917","0.113599782949486","0.029293420166419254","817246.2993831091"
"1977","3","Top 1%","Households","0.25619661666666665","1472000.7696600684","1235301.0885144253","985465.1730347448","821892266564.3737","0.11469560068860371","0.05041241771673242","834014.5233477429"
"1977","4","Top 1%","Households","0.26173224","1478828.223096747","1240918.0186606748","992791.0025958527","821071808580.2189","0.11414453294896655","0.04162055644463564","827033.8937735744"
"1978","1","Top 1%","Households","0.2655422866666666","1486729.8021231124","1247159.7598445124","1000079.4407485183","818559225772.3419","0.11309858968481233","0.03086511280261476","818494.2039801198"
"1978","2","Top 1%","Households","0.2706198","1495315.1992041245","1253836.2924936034","1007450.2650655169","853626061841.4243","0.1144907574489352","0.067161832954596","847313.352769738"
"1978","3","Top 1%","Households","0.2752086233333333","1502736.9626710955","1259536.5435751618","1014038.8124283786","851570440256.881","0.11342320548090754","0.057674986514051056","839780.9135308884"
"1978","4","Top 1%","Households","0.2808435333333333","1509693.4452448525","1264846.7780285038","1020313.4983436409","856881755679.8722","0.11292520124650947","0.0577267740786975","839822.0322194296"
"1979","1","Top 1%","Households","0.28595920333333336","1517449.347329599","1270583.8168515356","1026835.1981248017","864847184204.5692","0.11321023127557477","0.060778875321644964","842245.3630182781"
"1979","2","Top 1%","Households","0.29296846","1525676.7083748162","1276593.677777306","1033529.9098306206","865834363120.3519","0.11400134876723433","0.05511063966547397","837744.8537142468"
"1979","3","Top 1%","Households","0.29936689","1533158.0095897361","1281978.9006063584","1039719.7073913974","873752140050.067","0.11482985209582741","0.058420420785508756","840372.7791620548"
"1979","4","Top 1%","Households","0.3049254433333333","1540256.649327389","1287044.3540374648","1045649.7416281188","879817120631.6293","0.11540452468365442","0.059723116784260954","841407.1037417544"
"1980","1","Top 1%","Households","0.31133151","1548321.0224498499","1293554.7912815176","1052476.5801011398","860644955633.1676","0.11330569275455747","0.029906551557785405","817733.1181568545"
"1980","2","Top 1%","Households","0.31873777666666664","1556524.4130280232","1300500.3100416537","1059518.7507745868","832892574119.8597","0.11190662138324575","-0.009928459746132602","786104.6097683061"
"1980","3","Top 1%","Households","0.32586158","1562910.3277222167","1305927.2080790307","1065322.3377249287","854232091163.6879","0.11414965625755903","0.009906303781776132","801853.1677350922"
"1980","4","Top 1%","Households","0.33435208666666666","1569206.6207034166","1311279.0392630862","1071061.9502456735","894974493198.3502","0.11695562149834218","0.052403541166065964","835595.4508448988"
"1981","1","Top 1%","Households","0.3431556433333333","1576760.6813768707","1317699.0200689493","1077449.5709796206","906098664021.3453","0.11754381694245203","0.059167805162830545","840966.1931532606"
"1981","2","Top 1%","Households","0.34995871666666667","1584778.3452762421","1324515.1270241493","1084050.3449736808","893177126012.5543","0.11612736134993884","0.037706110900485895","823925.872219744"
"1981","3","Top 1%","Households","0.35654041333333336","1591036.1793628596","1329860.4348540523","1089447.524018568","924803648154.2598","0.11845316514997573","0.06912738018017833","848873.9730602186"
"1981","4","Top 1%","Households","0.36270214666666667","1597007.2205833162","1334965.908960811","1094647.1692360875","896958557467.2681","0.11622540377412728","0.03201130122275345","819404.2634698643"
"1982","1","Top 1%","Households","0.36769568999999996","1603758.6818897612","1340064.2277616821","1100072.0203479875","871221848499.6488","0.11429039281331534","-0.0025437105084917277","791968.0097163583"
"1982","2","Top 1%","Households","0.37247540333333334","1611018.7231068506","1345257.4829594197","1105691.4095360264","888548382973.4468","0.11612864800758721","0.012123198430791007","803613.3547843174"
"1982","3","Top 1%","Households","0.37775905000000004","1617021.844415037","1349401.2153701866","1110448.0982361345","896586418993.0541","0.11802040321189168","0.0169043972179918","807409.5677386597"
"1982","4","Top 1%","Households","0.38166834000000005","1622644.5376287366","1353228.3225033723","1114942.9212076804","911128582934.9863","0.12059446396044017","0.029231976069146837","817197.5135265875"
"1983","1","Top 1%","Households","0.38454686666666665","1629390.430500186","1358399.4305162032","1120691.0410734036","942287066088.1401","0.12315211193849365","0.05896977248509188","840808.957646001"
"1983","2","Top 1%","Households","0.38741012333333336","1636543.1416230612","1364112.943620153","1126960.8067975054","984001643869.8724","0.12617268473768406","0.09969751905383958","873146.2868403727"
"1983","3","Top 1%","Households","0.39152559666666664","1642336.949664862","1368693.7020143177","1132295.1405024305","1010444345247.7067","0.12747253518819757","0.12392928724689596","892386.0123601208"
"1983","4","Top 1%","Households","0.3944957333333334","1647898.2601792805","1373080.8542257568","1137468.3510250077","1047174382139.7477","0.12860164613334898","0.15948710033421662","920618.4780403839"
"1984","1","Top 1%","Households","0.39848901999999997","1654149.2079877213","1378159.150417166","1142355.043753097","1096490197707.6646","0.1308716517620226","0.20889862564829187","959850.620613756"
"1984","2","Top 1%","Households","0.40189441","1660911.6785554446","1383721.8290451805","1147213.9875666567","1113855402116.002","0.13059399188116502","0.22284275762901998","970922.0896779586"
"1984","3","Top 1%","Households","0.4054677466666667","1665992.47230882","1387883.5273218183","1150911.267873653","1122136623720.2878","0.1302372425224188","0.2279767063745031","974998.3817548965"
"1984","4","Top 1%","Households","0.40849897333333335","1670757.9635023195","1391782.6718706032","1154390.430988074","1141226981142.584","0.1312902735963621","0.24510376534231143","988597.0556476087"
"1985","1","Top 1%","Households","0.41253808333333336","1676668.0246931023","1396694.333375407","1159401.250687993","1153939760463.8508","0.1319924298045185","0.2535325253975844","995289.3873273802"
"1985","2","Top 1%","Households","0.4151951866666666","1682894.3777443964","1401898.9608756378","1165000.8152868636","1167939655407.2375","0.13258683806036853","0.2626425161361618","1002522.6077800214"
"1985","3","Top 1%","Households","0.4176995833333333","1687866.8263535246","1406059.030865099","1169731.013619974","1197625037245.2878","0.13435305867112973","0.28949925567343454","1023846.5282193297"
"1985","4","Top 1%","Households","0.4200360166666666","1692469.0991905674","1409910.69597925","1174202.271284286","1201776280472.3826","0.13414769696660442","0.2890416374938627","1023483.1850205311"
"1986","1","Top 1%","Households","0.42212805999999997","1697890.14301651","1413951.8771760091","1179917.2070033103","1213913570493.8938","0.13435871596193544","0.2957537240980849","1028812.4991218033"
"1986","2","Top 1%","Households","0.42372385999999995","1703559.3737269212","1417953.7268682069","1186142.348173641","1215231195201.6892","0.13462826840306732","0.29035239333672225","1024523.9090171915"
"1986","3","Top 1%","Households","0.42546470999999997","1708076.6099035554","1420997.4242323227","1191563.137849315","1218705980779.0315","0.134236524801723","0.28815497994368","1022779.1898452878"
"1986","4","Top 1%","Households","0.42777825666666663","1712405.9030688729","1423885.9625749632","1196849.0183858417","1216920001033.7893","0.13326493190696476","0.28058642881146656","1016769.8534565511"
"1987","1","Top 1%","Households","0.4304964333333334","1717337.3576802397","1427166.2314732724","1202629.8956019536","1262499520276.6687","0.136726003654306","0.32216440200995494","1049782.252123999"
"1987","2","Top 1%","Households","0.4334818466666667","1722549.439908489","1430624.8394922658","1208645.5684843985","1329515180646.239","0.141450589789528","0.3854171847434523","1100004.1826268448"
"1987","3","Top 1%","Households","0.43675742666666667","1726783.023517169","1433271.0949690633","1213973.8139656654","1394678582360.8274","0.1461347488496389","0.44694174542350223","1148853.926103115"
"1987","4","Top 1%","Households","0.4402391433333333","1730670.8188360035","1435631.2416103913","1219056.5213022141","1444297247737.039","0.14919481366297815","0.49217230594602623","1184766.434122529"
"1988","1","Top 1%","Households","0.44369034999999996","1735538.0563823031","1439051.4837939888","1223804.7583664774","1489117458843.7517","0.15181603058708681","0.5325090638972486","1216793.323169793"
"1988","2","Top 1%","Households","0.4480119166666667","1740856.027075163","1442968.753257287","1228359.7620608732","1522890701075.5837","0.15353326523904456","0.561454692024341","1239775.7954237796"
"1988","3","Top 1%","Households","0.45336428333333334","1745150.1033154486","1446037.168672908","1232192.5662468665","1558917489342.667","0.15577485757777593","0.5934218889845624","1265157.35611924"
"1988","4","Top 1%","Households","0.45728125999999997","1749423.772073907","1449088.7595930367","1236010.822703572","1638207135636.996","0.16129581023366688","0.6692937739877101","1325398.6984140521"
"1989","1","Top 1%","Households","0.46205332000000005","1754660.009361445","1453061.5760688812","1240950.580768745","1629805647737.2239","0.1595143849740054","0.6541221057387173","1313352.5806705297"
"1989","2","Top 1%","Households","0.46697051333333334","1760282.8390020027","1457416.1733911454","1246385.9344342684","1603991393245.4094","0.15748563750213784","0.6208235123251822","1286913.9075879073"
"1989","3","Top 1%","Households","0.4703835166666666","1764842.1112513542","1460889.942039486","1251069.4781639979","1604590793350.6125","0.15693946974117737","0.6153591682285412","1282575.285671123"
"1989","4","Top 1%","Households","0.47373542333333335","1770240.72072206","1465058.2182466986","1256349.326786981","1585958460404.7517","0.15493970803359353","0.589892023484156","1262354.686383859"
"1990","1","Top 1%","Households","0.4788434733333333","1777099.434204106","1470247.7948295742","1262329.8468560192","1607130442288.6191","0.15540605298076063","0.6034835558999069","1273146.1957358976"
"1990","2","Top 1%","Households","0.48420349","1784491.2730596222","1475784.3172346083","1268521.8903370097","1631286077726.241","0.15674713750606512","0.6196396402353025","1285973.9277284804"
"1990","3","Top 1%","Households","0.48835712666666664","1791184.4926366664","1480742.3010125516","1274218.5784562526","1617077338940.672","0.15581491385081703","0.5983544408716815","1269073.7415709333"
"1990","4","Top 1%","Households","0.49199152999999995","1797573.6613117459","1485448.4219520753","1279699.7998829228","1621210164815.322","0.15650898168438523","0.5955758333399765","1266867.5614106085"
"1991","1","Top 1%","Households","0.49680947000000003","1804690.6909077198","1490687.1905227334","1285751.77848264","1624503544409.61","0.1576236803045874","0.591291574658818","1263465.9127804146"
"1991","2","Top 1%","Households","0.5004591233333333","1811929.3286223032","1495991.7985408895","1291916.9660376024","1603207403368.888","0.15549756533183318","0.5629365299292317","1240952.3564707371"
"1991","3","Top 1%","Households","0.5043684633333333","1817853.3377282333","1500211.0163850642","1297144.7941768675","1579730514597.1516","0.15287414981606484","0.5338425595764557","1217852.1023164613"
"1991","4","Top 1%","Households","0.5073615333333333","1823919.2809010819","1504547.753187136","1302473.3233714057","1572653110280.8662","0.15135092368868996","0.5207237722191442","1207435.9467187473"
"1992","1","Top 1%","Households","0.5092474666666668","1830636.8910585225","1509657.50792754","1308723.6881653073","1618812789453.153","0.1527722746067036","0.5578832123168638","1236940.0845204827"
"1992","2","Top 1%","Households","0.5123092533333332","1837210.9543782638","1514766.4236627528","1315100.3059478693","1658582798384.7727","0.15508061369236625","0.5884169468117739","1261183.4936722454"
"1992","3","Top 1%","Households","0.5148136600000001","1842697.1888789106","1518978.4967894952","1320697.8938980463","1677024995169.175","0.1564128335667977","0.5992718174578604","1269802.127282438"
"1992","4","Top 1%","Households","0.51835642","1847788.2116144246","1522865.0821749803","1326010.6419201447","1734850766745.664","0.1614244309109907","0.6477880413056607","1308323.4115176436"
"1993","1","Top 1%","Households","0.52126547","1853487.270647769","1527205.059399319","1330924.0838129828","1734798020996.824","0.16079657433672845","0.6416549024313264","1303453.774783891"
"1993","2","Top 1%","Households","0.5243655233333333","1859213.319249564","1531543.3174142744","1335439.6001003273","1747516488317.6885","0.16007880411351016","0.6480988852317827","1308570.2177667962"
"1993","3","Top 1%","Households","0.5274807","1864009.2975784643","1535115.5860709862","1339286.8926653916","1740586419035.5176","0.15906877809999598","0.6368474491093633","1299636.7160522842"
"1993","4","Top 1%","Households","0.5303591866666667","1868882.2970423093","1538751.592531693","1343189.2029401201","1766389116219.2957","0.15939556795036786","0.6562863465566509","1315070.961226333"
"1994","1","Top 1%","Households","0.5328941133333334","1874490.0412366863","1543150.5298547212","1347944.7660883141","1793764686662.755","0.1598877122578189","0.6760215831626846","1330740.496042871"
"1994","2","Top 1%","Households","0.53546721","1880330.2312715824","1547819.6779844705","1353030.5161392943","1816989519255.8467","0.15944036792936062","0.6913405619175467","1342903.576513856"
"1994","3","Top 1%","Households","0.5385366699999999","1885482.4567097782","1551922.4778429985","1357621.4805008043","1834536689742.996","0.15948682996459337","0.7018995945274793","1351287.318366726"
"1994","4","Top 1%","Households","0.54146097","1890591.9378804744","1555990.101561383","1362181.6226059527","1841032861511.4285","0.1581505713201956","0.7022085103368514","1351532.593714925"
"1995","1","Top 1%","Households","0.54440063","1896348.373908031","1560740.2925212027","1366909.2698771753","1839273660867.9924","0.157302637360129","0.6947002623863918","1345571.137309839"
"1995","2","Top 1%","Households","0.5470118733333333","1902288.7084716463","1565716.9223481147","1371620.297241354","1859542589895.3828","0.1581690820285186","0.7074911456242322","1355726.9410749853"
"1995","3","Top 1%","Households","0.5497072133333333","1906957.1031078482","1569646.6463349303","1375414.1491751669","1890972668345.084","0.15910533858550113","0.7315618061600767","1374838.7490990234"
"1995","4","Top 1%","Households","0.55235668","1911877.848651172","1573784.0356899546","1379389.7608859588","1923477381363.132","0.16051900208954265","0.7562499285971068","1394440.814268271"
"1996","1","Top 1%","Households","0.5550137799999999","1917741.2837999084","1578882.284103533","1385330.295156503","1982589700470.5442","0.16332639575079555","0.8024604653347416","1431131.4113336182"
"1996","2","Top 1%","Households","0.5573119733333334","1924162.0220098265","1584532.0397816934","1392317.3797265592","2035073021422.9807","0.16526187255376493","0.8408906270110456","1461644.48641922"
"1996","3","Top 1%","Households","0.55913687","1929675.1247230961","1589434.570879379","1398649.064453669","2067906947686.6633","0.16643522651932016","0.8621234402107735","1478503.0786077962"
"1996","4","Top 1%","Households","0.5621223066666667","1935206.3512473588","1594352.1072347949","1404994.4138258013","2121948900846.89","0.16840231517049728","0.902157866441708","1510289.919992508"
"1997","1","Top 1%","Households","0.56547417","1941651.2494778626","1600334.7548145193","1410668.056168518","2161941262253.2617","0.16981354537292925","0.9302132484488678","1532565.547791065"
"1997","2","Top 1%","Households","0.5666194966666667","1948354.8687468746","1606687.1370889237","1415862.080365901","2205847751921.5444","0.1708764594519713","0.9621889118688267","1557953.8307512884"
"1997","3","Top 1%","Households","0.5690780666666666","1953872.2542337226","1612061.383839859","1420194.1041176242","2264933877062.815","0.17271409756188125","1.0086027646163975","1594805.858224593"
"1997","4","Top 1%","Households","0.5709487400000001","1959153.6141168948","1617240.4436720454","1424354.3945918072","2304002119425.3325","0.1734475750696243","1.0372815315580706","1617576.4459838772"
"1998","1","Top 1%","Households","0.57178863","1965366.7677522376","1622904.8729975335","1429714.8770909107","2312421866237.8726","0.17226995866553735","1.037060206040217","1617400.7162484282"
"1998","2","Top 1%","Households","0.5731324566666666","1971874.8358169554","1628671.1878637122","1435551.6582899156","2368320213046.365","0.1739744581209199","1.0778195597683435","1649763.14113809"
"1998","3","Top 1%","Households","0.57559864","1977590.9153384778","1633783.40458354","1440811.9864911314","2424314927670.099","0.1759012158847292","1.1191805369155987","1682603.2476132663"
"1998","4","Top 1%","Households","0.5771792366666667","1983122.8190672707","1638743.3614714444","1445937.8388478828","2449183331745.0083","0.17604387641034325","1.1333293383809626","1693837.2217276692"
"1999","1","Top 1%","Households","0.5790269366666666","1990021.2485769668","1645064.3755008343","1452372.198417535","2512324317432.4185","0.17772723273001156","1.1786326549106725","1729807.4971207643"
"1999","2","Top 1%","Households","0.58121828","1997262.33815619","1651785.0875683522","1459213.8340253097","2528319417614.056","0.17811219941087283","1.1822235365496006","1732658.6129186896"
"1999","3","Top 1%","Households","0.58328746","2003568.632096206","1657733.1050327339","1465373.361311079","2552673610782.1724","0.17826852099322482","1.1939828588943222","1741995.370038854"
"1999","4","Top 1%","Households","0.5865095833333333","2009461.112374225","1663338.6900866453","1471230.1373472328","2619021698328.6533","0.18011571522118366","1.242047027238255","1780157.727771263"
"2000","1","Top 1%","Households","0.59040364","2015900.415912817","1669607.708116182","1476870.4880786135","2687553498928.4883","0.18131363564995098","1.2919278388726634","1819762.4779034993"
"2000","2","Top 1%","Households","0.5940838466666667","2022638.8037947686","1676230.318160609","1482421.9046493943","2748747368566.63","0.18428835722897405","1.335335261435043","1854227.436835354"
"2000","3","Top 1%","Households","0.59756557","2028569.3649922237","1682183.7460551641","1487381.4244056332","2793636617418.9937","0.1857632993041191","1.3655590579094872","1878224.759015898"
"2000","4","Top 1%","Households","0.6008106066666666","2034265.3944695422","1687942.5195350535","1492168.8809195596","2817767546464.656","0.18697251178022442","1.378337141421614","1888370.3999564624"
"2001","1","Top 1%","Households","0.6047504533333333","2040661.1884985643","1693509.5938427325","1496486.6956408033","2827335991662.98","0.18594912569403113","1.3795278679023533","1889315.8221178171"
"2001","2","Top 1%","Households","0.6084077733333334","2047352.5918801362","1698935.7740406226","1500529.0993979739","2816901994470.895","0.18586665753272286","1.3643597044656302","1877272.4871520733"
"2001","3","Top 1%","Households","0.6107976633333334","2053148.9922461302","1703619.157625094","1503914.8324210849","2745580454023.291","0.18301141247048275","1.2993080808034239","1825622.2991053984"
"2001","4","Top 1%","Households","0.6126988733333333","2058502.4124288533","1707934.9441555124","1506975.8801748322","2705067261096.666","0.1810357898390013","1.2607784291464261","1795030.230200391"
"2002","1","Top 1%","Households","0.6146763566666666","2064535.8286141828","1713142.1147788875","1511659.1460082438","2718799232209.155","0.18030158567808688","1.2652153525393786","1798553.0927316123"
"2002","2","Top 1%","Households","0.6168066466666667","2070642.9364119284","1718574.0077232535","1516958.533403011","2710893592284.0015","0.17833468491090176","1.2507382702813898","1787058.467710796"
"2002","3","Top 1%","Households","0.6197768266666667","2075783.4442197941","1723203.4704926873","1521549.3773209054","2710625715030.1924","0.1776713359037611","1.2437255696849308","1781490.4698018895"
"2002","4","Top 1%","Households","0.6233348666666666","2080899.477273902","1727812.2869875717","1526121.5342615948","2741299687137.196","0.1780042338458054","1.2623178900414025","1796252.5431918225"
"2003","1","Top 1%","Households","0.62644247","2086848.3000625607","1732820.0709689865","1530642.1692807113","2707393333794.018","0.17631538381127435","1.2277369849132562","1768795.7304000666"
"2003","2","Top 1%","Households","0.6286033000000001","2093232.5019267413","1738043.1943255647","1535151.1794491336","2739480469300.647","0.1765920619271139","1.247518585559488","1784502.0776935266"
"2003","3","Top 1%","Households","0.6321765966666666","2098591.382070793","1742414.9938562133","1538908.2693293288","2792475159511.019","0.17772500626205903","1.2854031361970568","1814581.9443338276"
"2003","4","Top 1%","Households","0.6360706666666667","2104120.2863667593","1746928.0002957506","1542790.1288353838","2842394149103.395","0.17910164239575452","1.320404413588062","1842372.527525213"
"2004","1","Top 1%","Households","0.64056784","2110524.2740136962","1752160.361564716","1547636.0311351928","2950577866302.5894","0.1840088325332762","1.4011786982271637","1906506.3147556323"
"2004","2","Top 1%","Households","0.6457140633333334","2117301.6674558646","1757699.0838520953","1552917.0896658634","2994274671346.8223","0.18505946084041636","1.4284524323877543","1928161.3237903714"
"2004","3","Top 1%","Households","0.6498601066666666","2123263.1808692026","1762560.4601641435","1557599.8695415624","3047542094705.517","0.18592752516693622","1.464223215666176","1956562.8851795418"
"2004","4","Top 1%","Households","0.6548841166666667","2128675.5002292893","1766965.9536739457","1561879.7171022634","3073948144985.054","0.18704353209992808","1.478764032193346","1968108.1144251705"
"2005","1","Top 1%","Households","0.6600991466666667","2135140.006863544","1772282.3441770636","1567905.3539612126","3132284128144.83","0.18880780632177033","1.5160979306159459","1997750.7699883252"
"2005","2","Top 1%","Households","0.6649017533333333","2142141.195108725","1778062.9373754822","1574812.8979927422","3204433791976.5884","0.1915027678061389","1.5627637577443017","2034802.8620167908"
"2005","3","Top 1%","Households","0.6709489599999999","2148245.9515147214","1783099.4429575119","1581062.2104411551","3263270351073.721","0.19352701698942554","1.5995030443855824","2063973.4031485002"
"2005","4","Top 1%","Households","0.6763776933333333","2154076.8930697856","1787908.6769353275","1587109.9227002927","3359928254216.312","0.1967579864907901","1.6663013389880126","2117010.426410645"
"2006","1","Top 1%","Households","0.68114213","2160578.582732798","1793337.468802102","1592495.365700869","3452649173890.9175","0.19892050544490456","1.730615230606843","2168074.864300394"
"2006","2","Top 1%","Households","0.6871816900000001","2167342.623967222","1799015.4402340532","1597495.9835487546","3491432501598.6367","0.20064830577116524","1.75264439101397","2185565.746364257"
"2006","3","Top 1%","Households","0.6919767033333333","2173145.1547789066","1803895.2924668875","1601787.892650144","3525531347094.2046","0.2022037948621936","1.772080307587425","2200997.6247611935"
"2006","4","Top 1%","Households","0.6945651333333333","2178602.476641717","1808488.5459400385","1605825.3438303473","3516562077988.3696","0.20154430680709237","1.7580759061066686","2189878.3024562155"
"2007","1","Top 1%","Households","0.7012230566666666","2184855.9721019035","1813299.1800528876","1611009.8943547222","3474217071854.274","0.19944684994719095","1.7160951254047399","2156546.0795917986"
"2007","2","Top 1%","Households","0.7059112166666667","2191601.3423797633","1818296.262836742","1616837.2885567762","3551361476392.3267","0.20258228954359164","1.7663988574418175","2196486.6233152924"
"2007","3","Top 1%","Households","0.7095761499999999","2197602.9847338814","1822676.354957573","1622115.921074237","3528355604012.0977","0.20257543608719814","1.7395340063082085","2175156.2623683913"
"2007","4","Top 1%","Households","0.7125845166666668","2203344.6941397833","1826841.1565584235","1627202.2652839553","3542120299072.2896","0.20286427374328939","1.7416246769167083","2176816.2290839553"
"2008","1","Top 1%","Households","0.7150889433333334","2209782.013856945","1831369.9426857003","1633135.7238928217","3486516516974.5073","0.20037208658598882","1.688782556221488","2134860.236027338"
"2008","2","Top 1%","Households","0.7187156666666666","2216569.1836933275","1836081.887906461","1639495.0157792168","3464995461096.5903","0.19946149905810998","1.661820731107174","2113452.878934037"
"2008","3","Top 1%","Households","0.7241367933333334","2222505.0242103776","1840088.4431660678","1645224.8973945586","3415277038765.4336","0.19757880925834884","1.6144894820985736","2075872.4501276375"
"2008","4","Top 1%","Households","0.7258548133333335","2228355.0020922464","1844024.0657567617","1650890.9792814804","3248855613973.817","0.19425491553747293","1.4785532287912497","1967940.7391200482"
"2009","1","Top 1%","Households","0.7254958933333334","2234971.484056357","1847913.8901326342","1655910.9418008637","3145585643978.724","0.19162166895873806","1.3924935304042128","1899610.3984661063"
"2009","2","Top 1%","Households","0.7242283833333333","2242319.5334652127","1852067.1005153775","1660865.6262069966","3127414757178.8306","0.1890488101368816","1.371576935666866","1883002.8798422825"
"2009","3","Top 1%","Households","0.7250072566666667","2248846.6500039264","1855540.6789586686","1665211.8606504677","3167122300325.744","0.18955461590146558","1.3954194553201602","1901933.546815237"
"2009","4","Top 1%","Households","0.7273970833333333","2254929.8300747448","1858647.4069912415","1669229.2383746367","3219909934008.738","0.18954517504758225","1.4294836155892043","1928980.0705528206"
"2010","1","Top 1%","Households","0.7293746866666666","2261467.252100134","1862444.4144376516","1675351.0062447803","3316075119021.239","0.1934182069657747","1.492899572036992","1979331.5589752523"
"2010","2","Top 1%","Households","0.7329327066666668","2268675.356950983","1866951.0224923238","1682854.919805491","3393484638664.905","0.19563491549149847","1.53971769412389","2016504.5713252174"
"2010","3","Top 1%","Households","0.735147","2274916.243266571","1870660.9545284088","1689642.47282088","3510545116032.883","0.19903405359794651","1.6167725457225317","2077685.174528066"
"2010","4","Top 1%","Households","0.7394533566666667","2280681.8910458954","1873980.1501876293","1696076.9758459385","3551077881556.733","0.20065457317451776","1.6369437906112807","2093700.8945514343"
"2011","1","Top 1%","Households","0.7432709566666666","2287483.2736922693","1878060.4647682582","1702814.8654766262","3542709797024.293","0.19992711159114596","1.620320287050037","2080502.0374500144"
"2011","2","Top 1%","Households","0.74818051","2294876.732236862","1882579.1220580088","1709762.707377733","3619887151503.649","0.20274623225024724","1.6665235610961224","2117186.868027715"
"2011","3","Top 1%","Households","0.7528075566666667","2301214.1697970745","1886228.3133478246","1715926.7269918846","3654356641992.7173","0.20398265624919193","1.6822448771320933","2129669.399344929"
"2011","4","Top 1%","Households","0.7537161533333334","2307144.395784544","1889541.4759330314","1721789.1995391268","3738389009188.197","0.20644595422795217","1.734580709104302","2171223.405390657"
"2012","1","Top 1%","Households","0.7582897766666666","2313808.191170325","1892120.505612646","1727136.2845788829","3815249736136.4165","0.20610267273844834","1.782163166683394","2209003.2907082755"
"2012","2","Top 1%","Households","0.7613438566666667","2320932.589522719","1894412.0997873312","1732295.3383012693","3850253672433.025","0.20760316574223142","1.799327050921014","2222631.203411698"
"2012","3","Top 1%","Households","0.7652913899999999","2326639.3466002545","1895551.6875289576","1736396.5245511557","3829687179574.64","0.20839203888349636","1.7777977822294309","2205537.2292135768"
"2012","4","Top 1%","Households","0.7691701266666667","2331741.4365245416","1896206.3088991204","1740046.7866138115","3918049326566.145","0.21105202164102793","1.8359280439347025","2251691.9411062496"
"2013","1","Top 1%","Households","0.7722471533333334","2337948.058484592","1898239.5819266718","1745334.3465887457","3893985615069.154","0.209648234670981","1.8099716698878103","2231082.8997778823"
"2013","2","Top 1%","Households","0.7744385566666668","2344835.4088999717","1901060.1660479687","1751537.7714287585","3836328364498.2183","0.20616313047663928","1.7585604126106722","2190262.9946534703"
"2013","3","Top 1%","Households","0.7780881933333333","2350749.4322334845","1903087.885839815","1757015.5763146046","3873233546957.194","0.20722187790097574","1.776414519499947","2204438.9356418927"
"2013","4","Top 1%","Households","0.78273815","2356233.594575399","1904765.324305339","1762172.962732303","3863243044411.5156","0.20582297287005283","1.7611482912825556","2192317.738448012"
"2014","1","Top 1%","Households","0.7859984433333334","2362523.519061374","1907304.9882871804","1768446.8626179276","3887587941850.549","0.2057875252398088","1.7686907217689787","2198306.335365679"
"2014","2","Top 1%","Households","0.7904499166666668","2369407.3219402432","1910431.4638101615","1775421.007662517","4041286457638.986","0.2104705897197174","1.8668469945660473","2276241.2071262244"
"2014","3","Top 1%","Households","0.7939010066666667","2375066.0479445686","1912572.683491529","1781475.3070577607","4155242750929.594","0.2133688427472482","1.93766877670934","2332472.8299446865"
"2014","4","Top 1%","Households","0.7952219833333333","2380207.3299065945","1914301.2471831788","1787138.4678293501","4158191294735.838","0.21222552652828586","1.9304377188106583","2326731.459026987"
"2015","1","Top 1%","Households","0.7949394399999999","2386210.389512529","1916411.9383907306","1792438.7458164215","4132055930945.117","0.2098711897971025","1.9034082203087763","2305270.3700973867"
"2015","2","Top 1%","Households","0.7992458333333333","2392672.5027838256","1918732.4522112359","1797580.0130345498","4142132280159.1504","0.20962291871786054","1.902164111837281","2304282.5632927963"
"2015","3","Top 1%","Households","0.8016279533333334","2398224.17273718","1920320.7161454915","1802037.491697113","4118156402064.949","0.20835659646996083","1.8782283595609721","2285277.8707653712"
"2015","4","Top 1%","Households","0.8015515999999999","2403313.6715012137","1921538.2441192216","1806147.7587440207","4093514481409.1484","0.20695669964717486","1.8544950116609333","2266433.8848200007"
"2016","1","Top 1%","Households","0.8009102533333333","2409124.2572264983","1923228.1829803449","1811823.8085053882","4144545742083.5293","0.2081668239760711","1.8810262064213088","2287499.326715688"
"2016","2","Top 1%","Households","0.8065680466666666","2415247.2378397174","1925118.5597971303","1818244.898935728","4094546281030.051","0.206924406005983","1.836218205026426","2251922.3254396087"
"2016","3","Top 1%","Households","0.8088052266666667","2420246.7073773406","1926118.3268576718","1823817.2158049147","4126195596541.469","0.20720201403264227","1.84940862257363","2262395.354525938"
"2016","4","Top 1%","Households","0.8130657500000001","2424740.39779343","1926722.1960406408","1829004.3842108988","4170400967545.599","0.20776862043103694","1.871767656983068","2280148.152485084"
"2017","1","Top 1%","Households","0.8172728600000001","2430096.5683765425","1928027.918470674","1827895.5688194165","4209788221513.0435","0.20874771285489677","1.9006484879365086","2303079.176581199"
"2017","2","Top 1%","Households","0.8198154333333334","2435718.823077069","1929547.9410660118","1823505.6682652272","4245252250853.6274","0.20914720618013288","1.9321259198726743","2328071.869879244"
"2017","3","Top 1%","Households","0.82393084","2440045.3168409863","1930038.7858432317","1818137.8628233438","4273167597335.6587","0.20900313515594934","1.9601202182951727","2350298.998063852"
"2017","4","Top 1%","Households","0.82960395","2443967.258496597","1930208.6550748844","1812465.7935293422","4358481657474.7456","0.21109483568777365","2.0286677806961024","2404724.918414956"
"2018","1","Top 1%","Households","0.83469667","2448836.9946856373","1931165.1460290595","1813285.3675258786","4432952953072.978","0.2129967305602395","2.079024885436093","2444707.839407253"
"2018","2","Top 1%","Households","0.8418586833333334","2453841.989909938","1932248.9586602328","1817099.8344689542","4448267390601.774","0.21352988018877558","2.08317609665766","2448003.8499930725"
"2018","3","Top 1%","Households","0.8446913933333334","2457760.077415571","1932479.9250478416","1820109.31759609","4523637255099.285","0.2146788331233706","2.130232044167835","2485365.692800189"
"2018","4","Top 1%","Households","0.8485319800000001","2461431.424959181","1932521.1217860102","1822935.9153200884","4535456383287.4375","0.21418597118611227","2.1335442154516646","2487995.5160086136"
"2019","1","Top 1%","Households","0.8518151433333333","2466585.8916383763","1933530.3769560205","1824849.7224239113","4505672383911.94","0.2118763522131916","2.1097017506690525","2469064.892602305"
"2019","2","Top 1%","Households","0.8565643000000001","2472745.583439237","1935227.717995418","1826501.1619138326","4512502157790.085","0.21172190706722435","2.111599575617146","2470571.742238491"
"2019","3","Top 1%","Households","0.8593589466666667","2477581.0078124166","1935888.7602027718","1827174.521241892","4534684318285.773","0.21214017913752098","2.125742963824058","2481801.41829235"
"2019","4","Top 1%","Households","0.8625122899999998","2480605.2430645414","1935138.4600327273","1826515.7316604413","4539304176703.223","0.210665674984455","2.130055961787799","2485225.885558977"
"2020","1","Top 1%","Households","0.8659863866666666","2482272.4782039574","1933300.996406554","1824886.5599168905","4457081573495.044","0.20729956031751284","2.0761034994574827","2442388.2949184687"
"2020","2","Top 1%","Households","0.86274135","2483600.4972112826","1931190.8710376185","1823027.6091543015","3782948378976.098","0.19763398151023323","1.6135054070688302","2075091.106673365"
"2020","3","Top 1%","Households","0.8702087566666666","2484893.4608920515","1929062.5746556316","1821151.1205318298","4205772016837.767","0.20583813759392583","1.9086132322240343","2309403.0854559494"
"2020","4","Top 1%","Households","0.8757138433333335","2486191.2165832645","1926947.632707847","1819286.8309613112","4433915643850.543","0.20768111105117215","2.069534254674693","2437172.39546425"
"2021","1","Top 1%","Households","0.8866171266666667","2485771.915863155","1923782.2248742476","1819735.3841967497","4628006641029.609","0.21525208602060983","2.203110841637283","2543230.560454514"
"2021","2","Top 1%","Households","0.9003759800000001","2486972.393783746","1922011.0982854355","1823148.8374882806","4737782117588.055","0.21932400465340268","2.272948663060276","2598680.930578993"
"2021","3","Top 1%","Households","0.9140432866666667","2489450.7405643794","1921229.2310111278","1827497.4918792883","4884933963416.205","0.22342913225224972","2.3665738162862566","2673018.149202948"
"2021","4","Top 1%","Households","0.92928344","2491739.4835508005","1920301.594890602","1831706.4353821657","5032156470977.383","0.22614608384186685","2.4600669268523476","2747250.5275811176"
"2022","1","Top 1%","Households","0.94811225","2493174.6101436415","1920510.2782676064","1833603.7144350505","5047138603248.669","0.22677516127991904","2.46677762682536","2752578.740714286"
"2022","2","Top 1%","Households","0.9689795933333333","2495740.251339602","1922486.6081855486","1835490.6155930122","5080546621057.912","0.2290781466456713","2.486137450727759","2767950.2024675207"
"2022","3","Top 1%","Households","0.9793790366666667","2499329.3057538024","1925251.2798897687","1838130.1861386455","5084538209170.539","0.228641598083959","2.483866317415506","2766146.950587658"
"2022","4","Top 1%","Households","0.98883921","2502945.7544844677","1928037.053611029","1840789.9038369737","5034240331363.826","0.22753316346636196","2.444418829961872","2734826.1313636987"
"2023","1","Top 1%","Households","0.9986047966666667","2505628.7200136236","1930103.759217975","1842763.0911918823","5092465318115.575","0.2286839280497243","2.4805254090672935","2763494.3105040244"